reference_number,asmeth,price,product_type,bosal,walker,ets
AP10000X,01.001,18.93,Nachschalld.,278-013,05071,
AP10001X,01.002,17.93,Vorschalld.,285-067,05079,
AP10002X,01.003,4.69,Kollektorrohr,777-001,05077,
AP10003X,01.004,18.53,Nachschalld.,175-345,70268 / 05268,
AP10004X,01.005,5.87,Kollektorrohr,829-001,05078,
AP10005X,01.008,19.24,Nachschalld.,175-347,13189,
AP10006X,01.009,19.14,Nachschalld.,278-189,05425,
AP10007X,01.010,15.95,Vorschalld.,175-169=175-185,12665 / 13190,
AP10008X,01.011,16.1,Vorschalld.,175-123,14097,
AP10009X,01.012,15.72,Vorschalld.,175-117=175-135,14094,
AP10010X,01.013,15.7,Vorschalld.,175-135,14094,
AP10011X,01.014,15.66,Vorschalld.,175-241,13188,
AP10012X,01.015,20.84,Nachschalld.,278-179,13202,
AP10013X,01.017,11.62,Kollektorrohr,883-135,05266,
AP10014X,01.018,11.88,Kollektorrohr,884-163,05423,
AP10015X,01.019,15.94,Vorschalld.,175-163,05424,
AP10016X,01.020,18.47,Nachschalld.,279-349,70266,
AP10017X,01.021,21.79,Nachschalld.,289-023,73321,
AP10018X,01.023,15.9,Vorschalld.,175-185,12665 / 13190,
AP10019X,01.024,23.84,Nachschalld.,282-333,15304,
AP10020X,01.027,10.75,Vorschalld.,282-167,13192,
AP10021X,01.030,17.26,Nachschalld.,175-299,71162,
AP10022X,01.046,16.21,Vorschalld.,175-397,19518,
AP10023X,01.048,28.09,Nachschalld.,287-087,71164,
AP10024X,01.049,20.15,Nachschalld.,279-335,16035,
AP10025X,01.050,20.13,Nachschalld.,278-195,13197,
AP10026X,01.051,20.8,Nachschalld.,282-061,72143,943
AP10027X,01.052,20.4,Nachschalld.,278-397,19519,933
AP10028X,01.053,20.03,Nachschalld.,278-433 / 175-349,19502 / 71128,929
AP10029X,01.054,44.91,Nachschalld.,288-475,-,939
AP10030X,01.055,25.68,Vorschalld.,291-439,23273 / 23364 / 23365,-
AP10031X,01.056,9.04,Endroht,291-429,23364,-
AP10032X,01.057,25.68,Vorschalld.,175-017,-,-
AP10033X,01.058,17.26,Nachschalld.,279-429,-,-
AP10034X,01.059,20.43,Vorschalld.,175-429,23091,2852
AP10035X,01.060,11.04,Endrohr,810-429,10485,
AP10036X,01.061,20.43,Vorschalld.,175-051,-,
AP10037X,01.062,11.34,Endrohr,-,-,
AP10038X,01.063,25.68,Vorschalld.,-,-,
AP10039X,01.064,9.62,Endrohr,-,-,
AP10040X,01.065,25.68,Vorschalld.,175- 013,23124,
AP10041X,01.066,17.88,Nachschalld.,281-313,-,
AP10042X,01.067,20.43,Vorschalld.,175-003,23119,
AP10043X,01.068,11.76,Endrohr,850-019,-,2851
AP10044X,01.069,20.43,Vorschalld.,175-001,23120,2850
AP10045X,01.070,11.82,Endrohr,-,-,
AP10046X,01.071,55.58,Nachschalld.,-,-,
AP10047X,01.072,55.58,Nachschalld.,-,-,
AP10048X,01.073,55.58,Nachschalld.,-,-,
AP10049X,01.074,55.58,Nachschalld.,-,-,
AP10050X,01.078,27.49,Mittelschalldämpfer,284-431,23257,2667
AP10051X,01.079,5.39,Endrohr,750-429,10420,2672
AP10052X,01.080,6.26,Endrohr,770-431,10419,2737
AP10053X,01.081,28.22,Mittelschalldämpfer,287-433,23256,
AP11000X,02.001,16.81,Nachschalld.,176-401,05149,
AP11001X,02.002,4.26,Endrohr,377-403,05150,
AP11002X,02.003,8.56,Kollektorrohr,877-403,05147,
AP11003X,02.004,17.58,Vorschalld.,176-479,14113,
AP11004X,02.005,16.16,Nachschalld.,176-421,13502 / 14122,
AP11005X,02.006,3.62,Endrohr,380-155,14115,
AP11006X,02.007,14.73,Vorschalld.,175-367,18801,
AP11007X,02.008,8.77,Kollektorrohr,736-159,14112,
AP11008X,02.009,9.91,Kollektorrohr,840-159,18800,
AP11009X,02.010,14.27,Vorschalld.,281-153,13501,
AP11010X,02.012,5.42,Kollektorrohr,-,05371,
AP11011X,02.013,14.85,Vorschalld.,281-407,14110,
AP11012X,02.014,9.28,Kollektorrohr,840-161,17650,
AP11013X,02.015,2.44,Vorderrohr.,768-391,17651,
AP11014X,02.016,16.16,Nachschalld.,176-421,13502,
AP11015X,02.017,19.94,Vorschalld.,284-369,70288,
AP11016X,02.018,5.69,Endrohr,438-369,14133,
AP11017X,02.019,6.15,Endrohr,439-369,14134,
AP11018X,02.021,5.49,Endrohr,451-359,02764,
AP11019X,02.022,7.07,Endrohr,516-359,02765,
AP11020X,02.023,8,Kollektorrohr,317-871,02773,
AP11021X,02.025,6.27,Endrohr,451-361,02766,
AP11022X,02.026,7.82,Endrohr,516-153,02767,
AP11023X,02.027,9.86,Endrohr,665-369,02768,
AP11024X,02.028,11.66,Endrohr,516-151,02769,
AP11025X,02.029,7.08,Endrohr,521-771,02770,
AP11026X,02.030,10.02,Endrohr,665-367,02771,
AP11027X,02.032,11.6,Endrohr,665-365 / 667-375,02794,
AP11028X,02.033,3.71,Vorderrohr.,768-391,17651,
AP11029X,02.034,9.46,Kollektorrohr,840-161,17650,
AP11030X,02.035,29.33,Nachschalld.,291-125,21383,930
AP11031X,02.036,26.11,Nachschalld.,291-121,22231,930
AP11032X,02.037,28.73,Nachschalld.,292-021,22614,930
AP11033X,02.038,8.44,Endrohr,521-153 / 531-163,02772 / 08868,
AP11034X,02.041,6.64,Endrohr,461-371,02766,
AP11035X,02.042,8.63,Endrohr,517-163,02767,
AP11036X,02.043,21.59,Nachschalld.,175-413 / 175-415+700-021,-,
AP11037X,02.044,21.41,Nachschalld.,175-413 /175-415,22879,
AP11038X,02.045,25.48,Nachschalld.,288-231 / 288-139+700-021,-,
AP11039X,02.046,25.14,Nachschalld.,288-231 / 288-139,-,
AP11040X,02.047,20.7,reparatur,175-421,-,
AP11041X,02.048,25.66,Nachschalld.,294-217,21957,
AP11042X,02.049,34.49,Nachschalld.,293-209,21958,
AP11043X,02.050,21.25,reparatur,175-209,-,
AP11044X,02.051,15.39,Vorderrohr,800-003,0,
AP12000X,03.001,18.8,Nachschalld.,282-205,04559,
AP12001X,03.002,13.11,Vorschalld.,233-243,04631,
AP12002X,03.003,13.23,Vorschalld.,233-233,04634,
AP12003X,03.004,17.69,Nachschalld.,286-245,04629,
AP12004X,03.005,18.15,Nachschalld.,282-305,04764,
AP12005X,03.006,18.09,Nachschalld.,285-307,04792,
AP12006X,03.007,9.86,Vorschalld.,233-303,04763,
AP12007X,03.008,15.81,Nachschalld.,233-409,08347,
AP12008X,03.009,19.41,Nachschalld.,279-411,13345,
AP12009X,03.010,11.18,Mittlerer Sch.,233-407,14660,
AP12010X,03.011,15.99,Nachschalld.,233-377,08349,
AP12011X,03.012,16.3,Nachschalld.,279-385,08334,
AP12012X,03.013,11.62,Mittlerer Sch.,233-361,08314,
AP12013X,03.014,4.11,Kollektorrohr,784-303,04769,
AP12014X,03.015,20.84,Nachschalld.,282-313,16047 / 08311,
AP12015X,03.016,9.34,Vorschalld.,233-309,14442 / 08310,
AP12016X,03.017,4.37,Kollektorrohr,783-309,08308,
AP12017X,03.018,4.42,Kollektorrohr,783-303,04766,
AP12018X,03.019,4.51,Kollektorrohr,784-309,08348,
AP12019X,03.020,4.44,Kollektorrohr,785-309,12994,
AP12020X,03.021,2.19,Mittelrohr,786-407,08345,
AP12021X,03.022,3.82,Mittelrohr,830-205,04628,
AP12022X,03.023,2.77,Kollektorrohr,785-407,08344,
AP12023X,03.024,5.98,Vorderrohr.,733-303,04762,
AP12024X,03.025,9.28,Vorschalld.,233-423,14408,
AP12025X,03.026,10.73,Mittlerer Sch.,233-421,70604,
AP12026X,03.027,18.19,Nachschalld.,233-563,18186,
AP12027X,03.028,15.79,Nachschalld.,233-379,70601,
AP12028X,03.029,18.09,Nachschalld.,233-381,08330,
AP12029X,03.030,13.02,Nachschalld.,233-735,70615,
AP12030X,03.031,16.78,Nachschalld.,281-703,16062,
AP12031X,03.032,18.49,Nachschalld.,233-229,19759,
AP12032X,03.033,2.17,Mittelrohr,787-459,14405,
AP12033X,03.034,16.61,Nachschalld.,285-685,17053,
AP12034X,03.035,16.53,Nachschalld.,233-733,17056,
AP12035X,03.036,10.66,Vorschalld.,233-693,17042,
AP12036X,03.037,14.94,Vorschalld.,233-689,17046,
AP12037X,03.038,13.01,Kollektorrohr,753-177,21573,
AP12038X,03.039,12.83,Kollektorrohr,753-175,02753,
AP12039X,03.040,9.46,Vorschalld.,233-701,19671,
AP12040X,03.041,16.85,Nachschalld.,285-901,19980,
AP12041X,03.042,4.37,Kollektorrohr,787-449,15867,
AP12042X,03.043,15.57,Nachschalld.,282-683,18926,
AP12043X,03.044,13.28,Nachschalld.,233-735,70615,2092
AP12044X,03.045,2.32,Mittelrohr,787-461,21426,
AP12045X,03.046,15.64,Nachschalld.,282-373,18926,
AP12046X,03.047,14.85,Nachschalld.,233-761,19597,
AP12047X,03.048,10.67,Vorschalld.,233-561,19596,
AP12048X,03.049,13.82,Nachschalld.,233-325,70583,1920
AP12049X,03.050,10.95,Vorschalld.,233-323,70582,1919
AP12050X,03.051,16.27,Nachschalld.,285-703,18929,
AP12051X,03.052,16.84,Nachschalld.,233-715,19553,2088
AP12052X,03.053,14.82,Vorschalld.,233-703 / 233-245,19756,
AP12053X,03.054,12.34,Vorschalld.,233-687,17042,1985
AP12054X,03.055,14.92,Vorschalld.,233-713,17046,1897
AP12055X,03.056,20.77,Nachschalld.,278-145,22430,
AP12056X,03.057,16.82,Nachschalld.,279-419,19554,
AP12057X,03.059,10.57,Vorschalld.,233-491,14450,
AP12058X,03.060,17.5,Nachschalld.,279-461,19680,
AP12059X,03.061,14.59,Nachschalld.,281-377,21947,
AP12060X,03.062,4.37,Mittelrohr,824-205,04563,
AP12061X,03.063,4.34,Kollektorrohr,786-397,13505,
AP12062X,03.064,4.22,Mittelrohr,753-277,21580,1780
AP12063X,03.065,15.01,Nachschalld.,233-777,-,
AP12064X,03.066,1.96,Mittelrohr,787-761,19672,
AP12065X,03.067,20.52,Nachschalld.,278-145,21569,
AP12066X,03.068,9.8,Vorschalld.,233-553,13590,
AP12067X,03.069,17.02,Kollektorrohr,753-297,-,
AP12068X,03.070,12.42,Vorschalld.,233-861,19596,
AP12069X,03.071,18.06,Nachschalld.,279-399,22053,1967
AP12070X,03.073,19.6,Nachschalld.,233-779,19677,
AP12071X,03.074,13.37,Nachschalld.,278-573,22029,
AP12072X,03.075,11.83,Vorschalld.,281-233,21430,
AP12073X,03.076,11.39,Vorschalld.,105-111,21576,14
AP12074X,03.082,9.5,Vorschalld.,233-373,21425,
AP12075X,03.083,13.02,Vorschalld.,279-119,22057,
AP12076X,03.084,17.51,Nachschalld.,227-105,22111,
AP12077X,03.089,22.98,Nachschalld.,279-111,22744,12
AP12078X,03.086,17.68,Nachschalld.,227-473,22124 / 23173,1742
AP12079X,03.087,11.93,Vorschalld.,227-471,22058,1741
AP12080X,03.090,21.63,Nachschalld.,279-107,23231,15
AP12081X,03.091,14.06,Nachschalld.,233-399,22248,
AP12082X,03.092,18.98,Nachschalld.,281-227,22006,1769
AP12083X,03.093,17.76,Nachschalld.,233-537,22110,
AP12084X,03.094,11.28,Vorschalld.,233-539 / 233-395,22150 / 22352,
AP12085X,03.095,14.82,Vorschalld.,278-315,22882,
AP12086X,03.096,20.81,Nachschalld.,233-087,22885,
AP12087X,03.097,19.19,Nachschalld.,154-317,21950,
AP12088X,03.098,24.01,Vorschalld.,288-507,22801,
AP12089X,03.099,14.86,Kollektorrohr,737-263,02955,
AP12090X,03.100,7.23,Vorderrohr.,800-001,08951,
AP12091X,03.101,22.34,Nachschalld.,233-089,22886,
AP13000X,04.001,16.11,Nachschalld.,105-861,04160,
AP13001X,04.002,11.64,Vorschalld.,278-891,04184,
AP13002X,04.003,18.07,Nachschalld.,105-913,04165,
AP13003X,04.004,20.55,Nachschalld.,105-881,04133,
AP13004X,04.005,19.06,Nachschalld.,233-261,04702,
AP13005X,04.006,5.65,Endrohr,429-861,04578,
AP13006X,04.007,3.71,Endrohr,427-913,04166,
AP13007X,04.008,2.88,Endrohr,435-913,08006,
AP13008X,04.009,6.43,Endrohr,472-853,04179,
AP13009X,04.010,13.55,Nachschalld.,233-269,04712,
AP13010X,04.011,6.04,Mittelrohr,831-269,04711,
AP13011X,04.012,15.99,Nachschalld.,233-279,70632,
AP13012X,04.013,14.11,Mittlerer Sch.,278-277,14421 /  70631,
AP13013X,04.014,4.2,Kollektorrohr,773-867,04158,
AP13014X,04.015,2.37,Endrohr,428-913,04167,
AP13015X,04.017,11.35,Vorschalld.,233-275,70629,
AP13016X,04.018,11.41,Vorschalld.,105-943,04265,
AP13017X,04.019,17.55,Mittlerer Sch.,283-015,13003,
AP13018X,04.020,16.3,Mittlerer Sch.,105-019,13005,
AP13019X,04.021,14.41,Nachschalld.,105-017,13379,
AP13020X,04.022,14.58,Nachschalld.,105-021,13380,
AP13021X,04.023,9.15,Vorschalld.,105-929,04252,
AP13022X,04.024,15.34,Mittlerer Sch.,105-931,04253,
AP13023X,04.025,13.16,Nachschalld.,105-933,04254,
AP13024X,04.026,15.55,Nachschalld.,282-391,16066,
AP13025X,04.027,16.53,Nachschalld.,285-393,70574,
AP13026X,04.028,10.7,Vorschalld.,233-389,17033,
AP13027X,04.029,15.51,Vorschalld.,233-397,13506,
AP13028X,04.032,12.35,Vorschalld.,233-267,-,
AP13029X,04.033,10.82,Vorschalld.,281-273,04186,
AP13030X,04.034,19.3,Nachschalld.,279-489,70637,
AP13031X,04.035,6.52,Mittelrohr,882-281,04787,
AP13032X,04.036,6.22,Kollektorrohr,832-931,04314,
AP13033X,04.037,2.68,Vorderrohr.,782-931,04315,
AP13034X,04.038,6.35,Kollektorrohr,831-943,04264,
AP13035X,04.039,11.55,Mittlerer Sch.,233-481,16082,
AP13036X,04.040,14.49,Nachschalld.,279-483,14428,
AP13037X,04.041,14.43,Mittlerer Sch.,233-487,70636,
AP13038X,04.042,15.07,Nachschalld.,233-281,04788,
AP13039X,04.043,3.91,Vorderrohr.,731-931,13347,
AP13040X,04.044,9.07,Vorschalld.,105-995,13002,
AP13041X,04.046,21.86,Nachschalld.,233-411,18220,
AP13042X,04.047,30.1,Nachschalld.,233-415,08321,
AP13043X,04.048,6.01,Endrohr,432-415,18225,
AP13044X,04.049,6.47,Endrohr,433-415,08322,
AP13045X,04.050,7.64,Kollektorrohr,731-261,13478,
AP13046X,04.051,3.98,Kollektorrohr,776-881,08342,
AP13047X,04.052,7.61,Kollektorrohr,775-859,04177,
AP13048X,04.053,23.95,Nachschalld.,283-017,17862,
AP13049X,04.054,13.63,Mittlerer Sch.,105-159,17861,
AP13050X,04.055,25.58,Nachschalld.,283-019,17862,
AP13051X,04.056,16,Nachschalld.,283-561,17034,
AP13052X,04.057,16.72,Nachschalld.,283-741,18257,1943
AP13053X,04.058,11.79,Vorschalld.,233-741,18252,1940
AP13054X,04.059,4.36,Kollektorrohr,753-737,18260,
AP13055X,04.060,15.79,Nachschalld.,283-925,18258,
AP13056X,04.061,16.82,Nachschalld.,283-921,19691,
AP13057X,04.062,15.9,Vorschalld.,281-747 / 281-891,19694 / 18269,1942
AP13058X,04.063,16.57,Nachschalld.,283-925,19692,
AP13059X,04.064,4.78,Vorderrohr.,843-737,18264,
AP13060X,04.065,1.15,Endrohr,330-269,04713,
AP13061X,04.066,12.83,Vorschalld.,233-113,22208,
AP13062X,04.067,8.26,Kollektorrohr,786-997,14192,
AP13063X,04.069,20.16,Nachschalld.,283-469,22092,1961
AP13064X,04.070,22.84,Nachschalld.,283-491,22091,1959
AP13065X,04.071,21.94,Nachschalld.,283-459,21478,2068
AP13066X,04.073,15.74,Vorschalld.,281-465 / 281-463,22205 / 21036,1964
AP13067X,04.074,15.95,Vorschalld.,281-475,22207,1960
AP13068X,04.075,19.22,Nachschalld.,280-781,17586,
AP13069X,04.076,19.58,Nachschalld.,233-115,21563,
AP13070X,04.077,19.68,Vorschalld.,282-733,21564,
AP13071X,04.078,19.19,Vorschalld.,282-703,22067,
AP13072X,04.079,2.56,Vorderrohr.,789-491,12652,
AP13073X,04.080,22.75,Nachschalld.,283-483,22206,
AP13074X,04.081,21.95,Nachschalld.,283-461,21291,
AP13075X,04.082,22.62,Nachschalld.,282-691,22204,
AP13076X,04.083,16.62,Nachschalld.,233-119,21562,
AP13077X,04.084,7.53,Vorderrohr.,801-155,02777,
AP13078X,04.085,14.97,Nachschalld.,233-117,22080,
AP13079X,04.089,17.76,Vorschalld.,288-229,22407,
AP13080X,04.090,20.99,Nachschalld.,279-347,22021,
AP13081X,04.091,7.89,Endrohr,521-773,02974,
AP13082X,04.093,19.47,Nachschalld.,233-601 / 233-071,22070 / 22079,
AP13083X,04.104,28.03,Nachschalld.,233-555,08326,
AP13084X,04.105,8.18,Kollektorrohr,730-207,03991,
AP13085X,04.106,5.95,Reparaturrohr,823-475,09971 / 09972 / 08233,
AP13086X,04.107,6.04,Reparaturrohr,823-475,09971 / 09972 / 08233,
AP13087X,04.108,19.13,Vorschalld.,233-575,23197,2815
AP13088X,04.109,26.08,Nachschalld.,286-489,23198,2913
AP13089X,04.110,21.76,Vorschalld.,233-577,23200,
AP13090X,04.111,24.83,Nachschalld.,286-477,23201,
AP14000X,05.008,13.58,Nachschalld.,185-999,70327,
AP14001X,05.009,13.62,Nachschalld.,185-009,07981,
AP14002X,05.010,14,Nachschalld.,185-021 / 185-395,70324,
AP14003X,05.014,13.44,Vorschalld.,281-023,70323,
AP14004X,05.015,13.48,Vorschalld.,281-013,08861,
AP14005X,05.016,14,Vorschalld.,282-011,08863,
AP14006X,05.017,4.66,Vorderrohr.,834-013,08865,
AP14007X,05.018,3.13,Vorderrohr.,734-013,08870,
AP14008X,05.029,14,Nachschalld.,185-921,07827,
AP14009X,05.030,13.92,Nachschalld.,185-923,07828,
AP14010X,05.031,16.5,Vorschalld.,281-069,13863,
AP14011X,05.032,3.94,Vorderrohr.,736-069,13862,
AP14012X,05.034,16.2,Nachschalld.,185-045,17367,
AP14013X,05.035,16.15,Nachschalld.,185-047,17366,
AP14014X,05.036,16.81,Vorschalld.,281-033,13087,
AP14015X,05.037,16.89,Vorschalld.,281-057,13088,
AP14016X,05.038,16.47,Vorschalld.,281-061,13092,
AP14017X,05.039,16.53,Vorschalld.,281-063,13093,
AP14018X,05.041,19.65,Vorschalld.,292-925,07854,
AP14019X,05.042,14.29,Vorschalld.,281-129,13647,
AP14020X,05.043,4.03,Vorderrohr.,736-067,13106,
AP14021X,05.044,14.05,Vorschalld.,280-067,13107,
AP14022X,05.046,4.42,Kollektorrohr,883-961,07892,
AP14023X,05.047,5.65,Kollektorrohr,882-961,07897,
AP14024X,05.048,10.24,Vorschalld.,278-961,16192,
AP14025X,05.049,11.12,Vorschalld.,279-109,16196,
AP14026X,05.050,15.24,Nachschalld.,185-965,70301,
AP14027X,05.051,15.01,Nachschalld.,185-223,16193,
AP14028X,05.052,15.11,Nachschalld.,185-963,70303,
AP14029X,05.053,4.51,Kollektorrohr,779-237,21555,
AP14030X,05.054,12.12,Kollektorrohr,802-437,21548,
AP14031X,05.055,16.71,Nachschalld.,283-447,19953,
AP14032X,05.056,16.41,Nachschalld.,185-627,22936,
AP14033X,05.060,15.13,Nachschalld.,185-137,14531,
AP14034X,05.061,15.28,Nachschalld.,185-135,14532,
AP14035X,05.062,15.94,Vorschalld.,283-149,14560,
AP14036X,05.063,16.66,Vorschalld.,287-133,14530,
AP14037X,05.064,15.4,Vorschalld.,281-159,14535,
AP14038X,05.065,4.32,Vorderrohr.,738-149,14559,
AP14039X,05.066,15.25,Nachschalld.,185-141,70347,
AP14040X,05.067,15.55,Vorschalld.,281-145,70349,
AP14041X,05.068,15.24,Nachschalld.,185-143,14547,
AP14042X,05.069,15.8,Nachschalld.,185-999,70338,1192
AP14043X,05.070,15.51,Vorschalld.,282-309,19955,1273
AP14044X,05.071,16.1,Nachschalld.,185-009,70341,1188
AP14045X,05.072,15.85,Vorschalld.,283-321,19959,1255
AP14046X,05.073,16.54,Nachschalld.,185-021 / 185-395,70339,1325
AP14047X,05.074,15.58,Vorschalld.,283-317,17360,1372
AP14048X,05.075,14.96,Vorschalld.,282-315,17359,1367
AP14049X,05.078,7.84,Kollektorrohr,781-919,07824,
AP14050X,05.079,9.4,Kollektorrohr,782-925,07848,
AP14051X,05.080,8.13,Kollektorrohr,785-013,14951,
AP14052X,05.083,5.91,Kollektorrohr,884-013,14611,
AP14053X,05.084,5.83,Kollektorrohr,836-131,13646,
AP14054X,05.085,9.06,Kollektorrohr,787-017,13101,
AP14055X,05.086,13.74,Vorschalld.,280-153,15013,
AP14056X,05.087,3.54,Vorderrohr.,738-153,15740,
AP14057X,05.088,11.37,Kollektorrohr,788-133,14529,
AP14058X,05.089,16.3,Vorschalld.,278-471,17364,
AP14059X,05.090,3.11,Verbinder,717-719,17362,
AP14060X,05.091,14.32,Nachschalld.,282-285,15015,
AP14061X,05.092,15.51,Vorschalld.,282-135,18007,
AP14062X,05.093,14.66,Vorschalld.,283-121,13841,
AP14063X,05.094,14.61,Nachschalld.,185-339 / 185-613 / 185-343,70308 / 18861 / 22962,1261
AP14064X,05.095,17.88,Nachschalld.,185-311,19965,
AP14065X,05.099,17.02,Nachschalld.,185-309,19969,
AP14066X,05.100,14.54,Nachschalld.,185-321,19971,
AP14067X,05.101,12.85,Vorschalld.,281-039,70307,1257
AP14068X,05.102,17.93,Vorschalld.,283-751,19364,
AP14069X,05.103,17.18,Nachschalld.,185-351,19369,
AP14070X,05.104,19.54,Vorschalld.,283-753,19366,
AP14071X,05.105,17.46,Nachschalld.,185-353,19370,
AP14072X,05.106,16.42,Vorschalld.,284-405,19988,
AP14073X,05.107,17.3,Nachschalld.,185-405,19989,
AP14074X,05.108,19.33,Vorschalld.,284-411,21000,1297
AP14075X,05.109,16.47,Nachschalld.,185-413,19989,
AP14076X,05.110,8.52,Kollektorrohr,886-063,13091,
AP14077X,05.111,15.42,Vorschalld.,281-449,19950,
AP14078X,05.113,14.38,Vorschalld.,283-583,22374,
AP14079X,05.114,14.67,Nachschalld.,185-221,19969,
AP14080X,05.115,15.02,Nachschalld.,185-415,19971,
AP14081X,05.116,4.98,Kollektorrohr,736-111,-,
AP14082X,05.117,4.23,Vorderrohr.,833-961,07900,
AP14083X,05.118,20.08,Vorschalld.,284-343,72364,1327
AP14084X,05.119,8.74,Reparaturrohr,889-461,09199,
AP14085X,05.123,0.76,Verbinder,265-169,-,
AP14086X,05.124,20.86,Nachschalld.,185-411 / 185-109,21001 / 22093,1222
AP14087X,05.125,18.73,Vorschalld.,284-365,72352,1311
AP14088X,05.126,14.36,Vorschalld.,281-751,72293,1230
AP14089X,05.127,14.36,Nachschalld.,185-431,72292,1227
AP14090X,05.128,14.65,Nachschalld.,185-439,19357,1170
AP14091X,05.129,14.64,Vorschalld.,285-029,19353,1169
AP14092X,05.130,14.17,Vorschalld.,281-541,18866,1168
AP14093X,05.131,22,Vorschalld.,285-409 / 286-151,22502 / 22533,1223
AP14094X,05.132,15.19,Nachschalld.,185-619 / 185-703,22372 / 22477,1323
AP14095X,05.134,20.6,Vorschalld.,283-755,22580,
AP14096X,05.135,17.08,Nachschalld.,185-355,19381,
AP14097X,05.136,20.3,Vorschalld.,283-757,22583,
AP14098X,05.137,18.15,Nachschalld.,185-357 / 185-157,19384 / 22776,
AP14099X,05.138,5.75,Kollektorrohr,802-441,15839,1308
AP14100X,05.141,13.41,Vorschalld.,284-367,72354,1240
AP14101X,05.144,16.34,Nachschalld.,185-615 / 185-701,22475,1312
AP14102X,05.145,18.35,Vorschalld.,295-615,22474,1314
AP14103X,05.146,9.32,Vorderrohr.,-,-,
AP14104X,05.148,21.59,Nachschalld.,281-527,22155,
AP14105X,05.149,16.96,Vorschalld.,284-527,22164,
AP14106X,05.150,21.6,Nachschalld.,281-519,22165,
AP14107X,05.151,16.96,Vorschalld.,284-525,22154,
AP14108X,05.152,12.09,Vorderrohr.,852-365,04065,1338
AP14109X,05.153,15.23,Vorschalld.,295-619 / 295-623,22370 / 22476,1326
AP14110X,05.154,10.66,Vorderrohr.,295-623,22476,1347
AP14111X,05.156,10.57,Vorderrohr.,295-619,22370,1326
AP14112X,05.157,17.65,Vorschalld.,286-099,23027,1342
AP14113X,05.158,19.81,Vorschalld.,284-363,72382,1229
AP14114X,05.159,19.11,Vorschalld.,284-339,71579,1317
AP14115X,05.160,18.5,Nachschalld.,185-455 / 185-457 / 185-459,72357 / 72358 / 72351,1234
AP14116X,05.161,19.08,Nachschalld.,185-605 / 185-603 / 185-611,72362 / 72375 / 72374,1233
AP14117X,05.162,19.07,Nachschalld.,185-441 / 185-443 / 185-551,72360 / 72361 / 72356,1232
AP14118X,05.164,15.54,Nachschalld.,185-217,19965,
AP14119X,05.165,14.2,Nachschalld.,185-007,23032,1352
AP14120X,05.169,19.85,Vorschalld.,286-101,22966,
AP14121X,05.170,14.27,Nachschalld.,185-001,23036,
AP14122X,05.171,17.06,Nachschalld.,185-625 / 185-947,22478,
AP14123X,05.172,7.89,Reparaturrohr,889-443,07599,
AP14124X,05.173,22.8,Nachschalld.,185-399 / 185-601 / 185-633,72376 / 72377,2317
AP14125X,05.174,24.84,Vorschalld.,284-633,71678,
AP15000X,06.001,21.83,Nachschalld.,277-905,04213,
AP15001X,06.002,17.85,Mittlerer Sch.,279-903,04212,
AP15002X,06.003,19.08,Nachschalld.,278-951,70013,
AP15003X,06.004,14.9,Mittlerer Sch.,105-949,04299,
AP15004X,06.005,11.47,Vorschalld.,105-901,04217,
AP15005X,06.007,3.31,Vorderrohr.,777-903,04211,
AP15006X,06.008,3,Vorderrohr.,730-903,13981,
AP15007X,06.009,22.32,Nachschalld.,282-367,21197,
AP15008X,06.013,21.94,Nachschalld.,278-975,12903,
AP15009X,06.014,16.72,Mittlerer Sch.,105-971,16875,
AP15010X,06.015,11.9,Vorschalld.,105-969,12891,
AP15011X,06.017,17.55,Vorschalld.,105-165,21193,33
AP15012X,06.018,21.64,Nachschalld.,282-175,21194,35
AP15013X,06.019,20.42,Nachschalld.,282-365 / 281-199,21202,57
AP16000X,07.002,9.94,Nachschalld.,154-671,70169,
AP16001X,07.003,12.95,Nachschalld.,154-773,70171,
AP16002X,07.004,11.29,Nachschalld.,154-719,02603,
AP16003X,07.009,22.14,Vorschalld.,288-851,09575,
AP16004X,07.010,21.05,Vorschalld.,283-671,02622,
AP16005X,07.011,29.23,Vorschalld.,289-861,70230,
AP16006X,07.014,17.99,Vorschalld.,291-673,02512,
AP16007X,07.015,15.38,Vorschalld.,291-661,09443,
AP16008X,07.016,15.23,Vorschalld.,290-877,12438,
AP16009X,07.017,12.52,Nachschalld.,154-755,13788,
AP16010X,07.018,10.8,Nachschalld.,154-793,05477,
AP16011X,07.021,13.2,Nachschalld.,154-871,70171,
AP16012X,07.023,13.31,Nachschalld.,154-933,13068,
AP16013X,07.028,20.04,Nachschalld.,293-649,12324,
AP16014X,07.029,11.39,Nachschalld.,154-759,13759,
AP16015X,07.030,16.03,Vorschalld.,291-653,13758,
AP16016X,07.031,22.55,Vorschalld.,295-889,02647,
AP16017X,07.032,12.21,Nachschalld.,154-801,70188,
AP16018X,07.033,13.82,Vorschalld.,287-985,16146,
AP16019X,07.034,13.82,Nachschalld.,154-977,16147,
AP16020X,07.035,22.79,Nachschalld.,154-907,21315,
AP16021X,07.046,14.12,Vorschalld.,154-925,13801,
AP16022X,07.048,12.06,Nachschalld.,154-737,05456,
AP16023X,07.050,13.7,Vorschalld.,280-631,-,
AP16024X,07.051,12.64,Nachschalld.,280-633,13822,
AP16025X,07.055,32.05,Vorsch.+Nachsch.,155-255,09589,
AP16026X,07.056,29.88,Vorsch.+Nachsch.,279-937,13826,
AP16027X,07.057,15.4,Nachschalld.,154-927,14982,
AP16028X,07.058,13.51,Vorschalld.,154-025,14986,
AP16029X,07.059,14.47,Nachschalld.,154-219,18720,
AP16030X,07.060,18.77,Nachschalld.,154-051,16114,
AP16031X,07.061,14.34,Vorschalld.,285-055,16113,
AP16032X,07.062,19.9,Nachschalld.,154-919,16116,
AP16033X,07.063,14.34,Vorschalld.,285-619,16113,
AP16034X,07.064,13.09,Nachschalld.,154-941,70174,
AP16035X,07.065,14.7,Nachschalld.,154-935,70177,
AP16036X,07.066,11.87,Nachschalld.,154-787,70130,
AP16037X,07.067,17.88,Vorschalld.,288-789,70129,
AP16038X,07.068,12.97,Nachschalld.,154-929,70145,
AP16039X,07.069,12.55,Vorschalld.,285-799,70140,509
AP16040X,07.070,13.67,Nachschalld.,154-799 / 154-797,70141,507
AP16041X,07.071,11.88,Nachschalld.,154-775,17712,
AP16042X,07.072,16.24,Vorschalld.,288-773,13754,
AP16043X,07.073,8.64,Kollektorrohr,785-771,09439,
AP16044X,07.074,12.91,Nachschalld.,154-983,16143,
AP16045X,07.075,13.48,Vorschalld.,285-987,16142,
AP16046X,07.076,12.88,Nachschalld.,154-979,16144,
AP16047X,07.077,15.49,Nachschalld.,154-963,18725,
AP16048X,07.078,13.93,Vorschalld.,280-071,18727,
AP16049X,07.079,12.18,Nachschalld.,154-687,16171,
AP16050X,07.080,14,Vorschalld.,278-017,18523,
AP16051X,07.081,14.97,Nachschalld.,154-279,-,
AP16052X,07.082,15.69,Vorschalld.,154-133,21715,
AP16053X,07.083,20.23,Nachschalld.,287-357,21716,
AP16054X,07.084,30.39,Vorschalld.,282-387,17745,
AP16055X,07.085,7.66,Endrohr,585-245,17746,
AP16056X,07.086,9.81,Kollektorrohr,786-883,09442,
AP16057X,07.088,17.32,Vorschalld.,284-995,21314,
AP16058X,07.089,7.18,Kollektorrohr,785-851,12365,
AP16059X,07.090,6.08,Endrohr,683-387,17749,
AP16060X,07.091,16.07,Vorschalld.,285-633,18731,634
AP16061X,07.092,18.69,Nachschalld.,280-865 / 281-709,18732 / 72402,638
AP16062X,07.093,14.67,Nachschalld.,154-267,21889,
AP16063X,07.094,14.9,Vorschalld.,285-835,17714,
AP16064X,07.095,14.62,Nachschalld.,154-069,17716,
AP16065X,07.096,7.23,Vorderrohr.,513-213,21302,
AP16066X,07.097,11.35,Reperaturrohr,,,
AP16067X,07.098,23.44,Nachschalld.,154-937,16134,
AP16068X,07.099,16.4,Vorschalld.,285-937,16133,
AP16069X,07.100,16.19,Vorschalld.,285-953,71035,
AP16070X,07.101,18.06,Nachschalld.,154-953,21313,
AP16071X,07.102,16.69,Vorschalld.,285-847,70205,
AP16072X,07.103,10.87,Kollektorrohr,753-229,19253,
AP16073X,07.104,21.42,Nachschalld.,154-043,19847,
AP16074X,07.105,11.99,Nachschalld.,154-997,16163,
AP16075X,07.106,18.24,Vorsch.+ Mittlerer Sch.,290-793,70131,
AP16076X,07.107,14.47,Nachschalld.,154-269,21891,
AP16077X,07.108,12.6,Vorschalld.,285-807,70148,
AP16078X,07.109,16.26,Nachschalld.,154-075,70149,
AP16079X,07.110,17.85,Nachschalld.,281-633 / 281-711,18734 / 72384,524
AP16080X,07.111,12.55,Nachschalld.,154-223,21324,
AP16081X,07.113,17.22,Vorschalld.,285-205,18718,
AP16082X,07.115,17.8,Nachschalld.,154-123,21327,603
AP16083X,07.116,12.51,Vorderrohr.,965-123,21326,615
AP16084X,07.118,14.64,Vorschalld.,284-329,-,
AP16085X,07.119,17.69,Vorschalld.,285-865,18739,
AP16086X,07.120,18.93,Vorschalld.,154-221,21336 / 22627,
AP16087X,07.121,22,Nachschalld.,292-231,21337,
AP16088X,07.122,20.1,Nachschalld.,283-299,21745,
AP16089X,07.123,15.05,Nachschalld.,279-559,19844,
AP16090X,07.124,19.6,Nachschalld.,154-575,70198,
AP16091X,07.125,16.39,Vorschalld.,288-999,16162,
AP16092X,07.126,14.42,Nachschalld.,154-955 / 154-377,21303,
AP16093X,07.127,19.4,Mittlerer Sch.,279-597,17564,
AP16094X,07.128,1.66,Verbinder,-,-,
AP16095X,07.129,16.22,Nachschalld.,154-967,17565,
AP16096X,07.130,14.34,Nachschalld.,154-211,72329,689
AP16097X,07.131,17.86,Vorschalld.,280-251,72328,688
AP16098X,07.132,18.04,Nachschalld.,278-583,21311,466
AP16099X,07.134,20.96,Vorschalld.,280-257,71002,607
AP16100X,07.135,15.03,Nachschalld.,154-373,71328,605
AP16101X,07.136,15.47,Nachschalld.,154-313,71001,608
AP16102X,07.137,14.61,Nachschalld.,154-371,71000,
AP16103X,07.138,15.63,Nachschalld.,154-325,71404,
AP16104X,07.139,15.03,Nachschalld.,154-379,71406,
AP16105X,07.140,13.94,Vorschalld.,286-955,21301,
AP16106X,07.141,14.09,Vorschalld.,286-263,21886,
AP16107X,07.142,24.75,Vorschalld.,285-851,19418,
AP16108X,07.144,16.95,Nachschalld.,278-581,21312,
AP16109X,07.145,15.42,Nachschalld.,154-273,21890,
AP16110X,07.146,18.93,Nachschalld.,154-923 / 154-171,71393 / 71391,
AP16111X,07.149,22.44,Nachschalld.,296-295 / 296-291,21697 / 21723,
AP16112X,07.150,14.06,Vorschalld.,286-241,21876,
AP16113X,07.151,14.51,Nachschalld.,154-217,18719,
AP16114X,07.152,15.18,Nachschalld.,154-339,71405,
AP16115X,07.153,24.47,Vorschalld.,288-337,71038,
AP16116X,07.155,15.88,Nachschalld.,154-333,71367,
AP16117X,07.156,14.61,Nachschalld.,154-383,71005,
AP16118X,07.157,10.57,Vorderrohr.,713-215,03482,
AP16119X,07.158,10.86,Vorderrohr.,713-315,03481,
AP16120X,07.170,15.3,Nachschalld.,154-281,-,
AP16121X,07.171,14.61,Nachschalld.,154-357,71403,
AP16122X,07.172,24.52,Vorschalld.,287-403,71381,
AP16123X,07.173,23.07,Nachschalld.,294-215,21694,
AP16124X,07.174,14.36,Nachschalld.,154-511 / 233-387,21951 / 21950,616
AP16125X,07.175,19.11,Vorschalld.,285-515 / 285-327,21015,519
AP16126X,07.176,22.33,Nachschalld.,154-201,71399,
AP16127X,07.177,15.97,Vorschalld.,283-565,22600,
AP16128X,07.180,18.69,Nachschalld.,154-159,71394,
AP16129X,07.182,11.53,Mittelrohr,965-375,06977,
AP16130X,07.183,21.7,Vorschalld.,285-057,07773,
AP16131X,07.184,19,Nachschalld.,279-065,22653,
AP16132X,07.185,17.4,Nachschalld.,154-185,71378,
AP16133X,07.186,2.63,Mittelrohr,750-021,04069,
AP16134X,07.189,12.24,Vorderrohr.,351-215,02725,
AP16135X,07.192,23.08,Mittlerer Sch.,287-077,23022,
AP16136X,07.196,16.64,Vorschalld.,285-193,22261,
AP16137X,07.197,19.5,Nachschalld.,279-113,71388,
AP16138X,07.198,20.62,Vorschalld.,285-061,71377,
AP16139X,07.199,19,Nachschalld.,281-043,70132,
AP16140X,07.200,18.83,Nachschalld.,279-507,72385,
AP16141X,07.201,2.63,Mittelrohr,750-019,07646,
AP16142X,07.202,18.31,Nachschalld.,278-091,19420,
AP16143X,07.203,17.61,Nachschalld.,278-857,19419,
AP16144X,07.204,17.4,Nachschalld.,154-187,22652,
AP16145X,07.205,13.4,Vorderrohr.,285-057,07773,
AP16146X,07.206,19.53,Nachschalld.,154-161,71396,
AP16147X,07.207,5.33,Endrohr,750-025,75368,
AP16148X,07.208,6.54,Endrohr,840-115,75370,
AP16149X,07.209,5.52,Endrohr,740-117,75374,
AP16150X,07.210,6.81,Endrohr,840-119,75376,
AP16151X,07.211,16.92,Vorderrohr.,739-605,10362,
AP16152X,07.212,27.59,Mittlerer Sch.,286-605,23011,
AP16153X,07.213,5.64,Endrohr,751-389,08238,
AP16154X,07.214,6.03,Endrohr,751-415,10359,
AP16155X,07.219,27.67,Vorsch.+ Mittlerer Sch.,280-049,22598,
AP16156X,07.220,8.43,Endrohr,851-143,07590,
AP16157X,07.221,9.73,Endrohr,965-133,07591,
AP16158X,07.222,11.41,Endrohr,953-049,0,
AP16159X,07.223,27.67,Vorsch.+ Mittlerer Sch.,280-051,22597,
AP16160X,07.224,8.98,Endrohr,851-157,07592,
AP16161X,07.225,10.45,Endrohr,940-321,07593,
AP16162X,07.226,12.28,Endrohr,965-369,0,
AP16163X,07.227,27.67,Vorsch.+ Mittlerer Sch.,280-055,22763,
AP16164X,07.228,9.38,Endrohr,851-145,07793,
AP16165X,07.229,10.93,Endrohr,940-323,07796,
AP16166X,07.230,12.72,Endrohr,965-377,07797,
AP16167X,07.231,27.67,Vorsch.+ Mittlerer Sch.,280-057,22762,
AP16168X,07.232,8.86,Endrohr,851-141,0,
AP16169X,07.233,9.97,Endrohr,940-319,07794,
AP16170X,07.234,11.69,Endrohr,965-379,07795,
AP16171X,07.235,2.59,Endrohr,703-111,0,
AP16172X,07.236,8.86,Endrohr,851-139,07792,
AP16173X,07.237,23.3,Vorschalldämpfer,285-327 / 285-515,21015,519
AP16174X,07.238,16.88,Nachschalldaempfer,154-323,21953,723
AP16175X,07.241,27.67,Vorsch.+ Mittlerer Sch.,280-053,22762,2731
AP17000X,08.001,15.58,Nachschalld.,190-807,13224,
AP17001X,08.002,23.16,Nachschalld.,190-787,13228,
AP17002X,08.004,25.16,Nachschalld.,190-805,13224,
AP17003X,08.005,16.91,Nachschalld.,190-797,12298,
AP17004X,08.007,16.18,Vorschalld.,281-609,21881,
AP17005X,08.009,15.63,Vorschalld.,283-785,15959,
AP17006X,08.011,6.44,Mittelrohr,938-817,13678,
AP17007X,08.012,12.47,Vorschalld.,135-465,01488,
AP17008X,08.013,15.3,Nachschalld.,284-497,01489+01492,
AP17009X,08.014,17.3,Nachschalld.,190-781,09406,
AP17010X,08.015,20.36,Nachschalld.,190-209,21092,
AP17011X,08.016,14.06,Vorschalld.,282-001,17377,1399
AP17012X,08.018,14.05,Vorschalld.,279-851,14644,
AP17013X,08.019,5.22,Mittelrohr,889-159,98751,1438
AP17014X,08.020,21.3,Nachschalld.,190-003,17166,1388
AP17015X,08.021,15.2,Vorschalld.,282-035,19568,
AP17016X,08.022,22.4,Nachschalld.,190-035,19071,
AP17017X,08.023,16.08,Nachschalld.,190-313 / 190-505,21884,
AP17018X,08.024,14.31,Vorschalld.,282-795,17581,
AP17019X,08.025,23.51,Nachschalld.,190-227,17582,
AP17020X,08.026,4.83,Kollektorrohr,840-891,15958 / 13229,
AP17021X,08.028,25.71,Nachschalld.,190-833,21061 / 22296,
AP17022X,08.029,18.88,Vorschalld.,286-833,21060,
AP17023X,08.030,18.18,Nachschalld.,190-517 / 190-167,71211,
AP17024X,08.031,25.12,Nachschalld.,190-295,21608,
AP17025X,08.032,24.62,Nachschalld.,190-265,21097,
AP17026X,08.033,6.36,Vorderrohr.,823-023,19283,
AP17027X,08.034,8.08,Vorderrohr.,956-103,06431,1454
AP17028X,08.035,22.08,Nachschalld.,190-275,21096,
AP17029X,08.037,16.07,Nachschalld.,190-355 / 190-601 / 190-137,22447 / 23164,1411
AP17030X,08.038,17.53,Vorschalld.,282-693,19564,
AP17031X,08.041,15.78,Vorschalld.,282-797,21094,
AP17032X,08.042,25.04,Nachschalld.,190-289,22098,1410
AP17033X,08.043,20.71,Vorschalld.,286-251,21095,
AP17034X,08.044,22.52,Vorschalld.,287-255,21098,
AP17035X,08.045,21.72,Nachschalld.,190-311,21603,
AP17036X,08.046,7.13,Endrohr,284-497,01492,
AP17037X,08.047,20.24,Nachschalld.,190-361,22428,
AP17038X,08.050,4.61,Vorderrohr.,889-189,07585,
AP17039X,08.051,3.28,Vorderrohr.,741-015,07162,
AP17040X,08.052,6.96,Mittelrohr,947-005,22410,
AP17041X,08.053,17.26,Vorschalld.,288-103,71212,1420
AP17042X,08.054,20.07,Nachschalld.,190-507 / 135-709,71213,1421
AP17043X,08.055,6.46,Vorderrohr.,870-137,06433,
AP17044X,08.056,18.09,Nachschalld.,190-605 / 190-029,22622,
AP17045X,08.057,6.88,Vorderrohr.,870-139,08216,
AP17046X,08.058,6.66,Reparaturrohr,889-543,08235,
AP17047X,08.059,17.5,Nachschalld.,135-001,22293,
AP17048X,08.060,13.42,Vorschalld.,285-601,22494,
AP17049X,08.061,4.65,Vorderrohr.,889-183,07149,
AP17050X,08.063,6.08,Reparaturrohr,889-541,07777,
AP17051X,08.065,8.31,Vorderrohr.,889-631,07194,
AP17052X,08.066,20,Nachschalld.,190-343,22432 / 22955,
AP17053X,08.068,18.23,Vorschalld.,286-167 / 286-077,22368 / 22794,
AP17054X,08.070,6.39,Reparaturrohr,889-181,07580,
AP17055X,08.071,20.3,Vorschalld.,293-403,22733,
AP17056X,08.072,20.79,Nachschalld.,190-875,22734,
AP17057X,08.073,14.81,Vorschalld.,291-079,22644,
AP17058X,08.074,16.79,Nachschalld.,190-509,22636,
AP17059X,08.075,3.08,Vorderrohr.,741-355,02641 / 02691,
AP17060X,08.076,4.09,Vorderrohr.,741-357,02674,
AP17061X,08.077,9.04,Kollektorrohr,740-357,02621,
AP17062X,08.078,10.5,Kollektorrohr,740-363 / 740-355 / 740-359,02197 / 02640,
AP17063X,08.079,18.84,Nachschalld.,135-705,23289,
AP17064X,08.082,9.69,Reperaturrohr,889-535,08234,
AP17065X,08.083,21.9,Nachschalldaempfer,190-873,21480,
AP17066X,08.084,7.6,Reparaturrohr,099-550 / 099-564,20558 / 20628,
AP18000X,09.002,16.1,Nachschalld.,135-557,70062,
AP18001X,09.004,15.58,Nachschalld.,135-495,01184,
AP18002X,09.005,15.67,Nachschalld.,135-525,08390,
AP18003X,09.006,13.44,Mittlerer Sch.,135-493,01183,
AP18004X,09.007,11.9,Nachschalld.,135-537,08396,
AP18005X,09.008,12.14,Nachschalld.,135-539,13697,
AP18006X,09.009,13.5,Mittlerer Sch.,135-531,08395,
AP18007X,09.016,3.76,Mittelrohr,833-493,01192,
AP18008X,09.017,4.51,Mittelrohr,786-535,09644,
AP18009X,09.018,16.91,Vorschalld.,288-553,13687,
AP18010X,09.019,4.72,Vorderrohr.,889-150,98756,
AP18011X,09.020,15.31,Nachschalld.,190-115,22423,2353
AP18012X,09.021,6.06,Kollektorrohr,884-493,01191,
AP18013X,09.022,5.42,Kollektorrohr,782-465,01487,
AP18014X,09.023,24.02,Nachschalld.,135-657,19011,
AP18015X,09.024,22.82,Nachschalld.,135-693,21219,
AP18016X,09.025,18.23,Nachschalld.,135-653,22714,
AP18017X,09.026,14,Vorschalld.,281-287,17377,209
AP18018X,09.029,4.2,Kollektorrohr,784-497,01196,
AP18019X,09.032,10.6,Kollektorrohr,785-243,21811,
AP18020X,09.034,13.7,Vorschalld.,283-689,19000,
AP18021X,09.035,22.47,Nachschalld.,135-689,19001,
AP18022X,09.036,13.75,Vorschalld.,283-695,19003,
AP18023X,09.037,22.56,Nachschalld.,135-697,19004,
AP18024X,09.039,24.56,Nachschalld.,135-717,21213,
AP18025X,09.040,42.27,,283-011,19288,
AP18026X,09.041,38.2,Mittlerer Sch. + Nachsch.,283-023,19288,
AP18027X,09.042,19.19,Nachschalld.,135-235,21930,
AP18028X,09.043,13.74,Vorschalld.,282-663,70071,
AP18029X,09.044,17.1,Nachschalld.,135-419,21223,210
AP18030X,09.045,16.47,Nachschalld.,135-233,21818,
AP18031X,09.046,15.93,Vorschalld.,292-031,72182,
AP18032X,09.047,14.7,Vorschalld.,282-335,22294,
AP18033X,09.049,5.14,Vorderrohr.,889-167,04068,204
AP18034X,09.050,18.43,Nachschalld.,135-237,21821,
AP18035X,09.051,13.58,Vorschalld.,283-505,21931,
AP18036X,09.052,17.26,Nachschalld.,135-507,21932,
AP18037X,09.053,18.43,Mittlerer Sch.,285-715,21215,
AP18038X,09.054,18.95,Nachschalld.,135-763 / 135-765,19309,
AP18039X,09.055,15.46,Vorschalld.,281-545,21868,
AP18040X,09.056,5.45,Vorderrohr.,889-175,07581,184
AP18041X,09.057,18.21,Nachschalld.,135-021 / 135-045,22844,
AP18042X,09.058,17.92,Vorschalld.,288-101,22403,
AP18043X,09.059,8.14,Vorderrohr.,969-121,07150,194
AP18044X,09.060,22.51,Nachschalld.,135-541,71185,
AP18045X,09.061,14.81,Nachschalld.,135-015,22308,
AP18046X,09.062,12.73,Vorschalld.,287-089,22307,
AP18047X,09.063,17.41,Nachschalld.,135-019,72178 / 22928,
AP18048X,09.064,14.7,Vorschalld.,282-337,72180,
AP18049X,09.065,19.5,Nachschalld.,135-061,21052,
AP18050X,09.066,22.28,Vorschalld.,282-059,21051,
AP18051X,09.067,21.18,Nachschalld.,135-063 / 190-297,21055,
AP18052X,09.068,18.09,Nachschalld.,135-551,22843,206
AP18053X,09.069,13.95,Vorschalld.,284-143,72181,186
AP18054X,09.072,15.72,Vorschalld.,290-153 / 291-507,22498,163
AP18055X,09.073,20.76,Nachschalld.,190-301,21592,
AP18056X,09.074,4.8,Reparaturrohr,889-003 / 889-171,03498,
AP18057X,09.075,6.69,Vorderrohr.,880-617,07191,
AP18058X,09.076,6.05,Vorderrohr.,889-537,-,
AP18059X,09.078,14.96,Vorschalld.,279-101,22398,
AP18060X,09.079,16.66,Vorschalld.,293-111,21865,
AP18061X,09.080,9.94,Reperaturrohr,889-545,08981+08982,
AP18062X,09.081,19.07,Nachschalld.,135-545,72184,
AP18063X,09.082,4.99,Vorderrohr.,889-869,07953,
AP18064X,09.083,8.39,Vorderrohr.,851-151,08955,
AP18065X,09.084,7.62,Vorderrohr.,947-001,06850,
AP18066X,09.085,15.66,Nachschalld.,135-017,22306,
AP18067X,09.086,14.46,Nachschalld.,283-515,14036,
AP18068X,09.087,6.99,Vorschalld.,135-591+779-591,01224,
AP18069X,09.088,15.4,Vorschalld.,283-389,21866,158
AP18070X,09.089,20.46,Nachschalld.,135-225,21993,2507
AP18071X,09.090,10.48,Kollektorrohr,741-009,04064,2576
AP18072X,09.091,18.98,Nachschalld.,135-707,-,
AP18073X,09.092,18.45,Nachschalld.,135-005,22427,
AP18074X,09.093,20.62,Nachschalld.,135-009,22421,
AP18075X,09.094,27.2,Nachschalld.,278-485 / 278-527,22716,
AP19000X,10.013,11.8,Vorschalld.,283-217,13653,
AP19001X,10.014,18.06,Nachschalld.,280-269,15103,
AP19002X,10.015,17.94,Nachschalld.,280-271,70433,
AP19003X,10.016,18,Nachschalld.,278-221,13658 / 18061,
AP19004X,10.017,17.95,Vorschalld.,279-259,17240,
AP19005X,10.018,17.4,Vorschalld.,283-219,13661,
AP19006X,10.019,19.5,Nachschalld.,278-313,15114,
AP19007X,10.020,24.28,Nachschalld.,281-335,15539,
AP19008X,10.021,22.85,Vorsch.+ Mittlerer Sch.,283-311,15107,
AP19009X,10.022,17.69,Vorschalld.,284-319,70440,
AP19010X,10.023,19.35,Nachschalld.,278-341,15527,
AP19011X,10.024,10.56,Vorschalld.,200-957,01728,
AP19012X,10.025,12.9,Nachschalld.,200-965,01737,
AP19013X,10.026,6.2,Mittelrohr,880-965,01785,
AP19014X,10.027,5.59,Mittelrohr,937-965,01793,
AP19015X,10.029,20.64,Nachschalld.,200-399,17224,
AP19016X,10.030,18.1,Nachschalld.,279-295,71036,
AP19017X,10.031,18.27,Vorschalld.,279-241,70435,
AP19018X,10.032,22.4,Nachschalld.,280-539,70436,
AP19019X,10.035,10.32,Vorschalld.,200-441,70406,
AP19020X,10.036,18.71,Nachschalld.,278-419,15985,
AP19021X,10.037,21.47,Nachschalld.,279-833,71099,
AP19022X,10.038,16.84,Vorschalld.,282-825,21160,
AP19023X,10.039,13.05,Vorschalld.,200-729,19587,
AP19024X,10.040,19.54,Nachschalld.,278-769 / 278-735,19591 / 22244 / 19588,
AP19025X,10.041,23.3,Vorschalld.,283-495,19048,
AP19026X,10.042,11.35,Nachschalld.,200-499,19049,
AP19027X,10.043,5.07,Mittelrohr,840-419,15997,
AP19028X,10.044,7.19,Kollektorrohr,736-281,21545,
AP19029X,10.045,21.7,Nachschalld.,278-429,70408,
AP19030X,10.046,12.64,Vorschalld.,200-443,18057,
AP19031X,10.047,27.3,Vorschalld.,-,22596,
AP19032X,10.048,23.47,Nachschalld.,280-817,71099,
AP19033X,10.049,8.81,Vorschalld.,200-817,21166,
AP19034X,10.050,24.05,Vorschalld.,200-163,22551,
AP19035X,10.051,14.75,Nachschalld.,200-261 / 200-259 / 200-819,21892 / 22401,
AP19036X,10.052,20.64,Nachschalld.,279-223,21162,
AP19037X,10.053,24.17,Vorschalld.,-,22545,
AP19038X,10.054,19.02,Nachschalld.,278-413,15981,
AP19039X,10.055,18.22,Nachschalld.,200-785,19212/2,
AP19040X,10.056,4.74,Mittelrohr,853-541,19212/2,
AP19041X,10.057,4.29,Mittelrohr,840-413,03489,
AP19042X,10.058,15.42,Nachschalld.,200-111,22003,
AP19043X,10.059,17.62,Nachschalld.,200-447 / 200-401,22105,
AP19044X,10.060,18.4,Nachschalld.,279-157 / 279-221,22808 / 21172,
AP19045X,10.061,17.16,Nachschalld.,200-507,17275,
AP19046X,10.062,19.18,Nachschalld.,200-157,22480,
AP19047X,10.063,5.88,Kollektorrohr,790-417,15983,
AP19048X,10.064,11.53,Vorschalld.,284-079,219172,
AP19049X,10.065,15.13,Vorschalld.,281-693,22242,
AP19050X,10.066,23.09,Nachschalld.,278-769 / 278-735,19591 / 22244 / 19588,
AP19051X,10.067,17.71,Nachschalld.,200-459,22106,1589
AP19052X,10.068,8.53,Vorschalld.,200-341,22440,
AP19053X,10.069,10.81,Vorschalld.,283-547,22104,1588
AP19054X,10.070,3.96,Vorderrohr.,851-213,03471,
AP19055X,10.071,3.9,Mittelrohr,852-633,21856,
AP19056X,10.072,10.12,Vorschalld.,200-267,21916,
AP19057X,10.073,17.01,Nachschalld.,278-423,23002,
AP19058X,10.074,9.66,Vorschalld.,200-361,22613,
AP19059X,10.075,9.14,Vorschalld.,287-129,-,
AP19060X,10.076,17.1,Nachschalld.,200-033 / 278-453,22996 / 22957,
AP19061X,10.077,4.19,Vorderrohr.,451-371,21855,
AP19062X,10.078,6.22,Vorderrohr.,888-295,18060,
AP19063X,10.079,24.3,Nachschalld.,-,22546,
AP19064X,10.080,8.33,Vorschalld.,200-807,22442,
AP19065X,10.081,21.3,Nachschalld.,200-229,21165,
AP19066X,10.082,16.69,Vorschalld.,282-427,21164,
AP19067X,10.084,23.61,Vorschalld.,200-153,22479,
AP19068X,10.085,16.86,Nachschalld.,200-069 / 200-067 / 200-449,22565 / 23023,
AP19069X,10.089,21.69,Nachschalld.,279-911,22729,
AP19070X,10.090,15.65,Vorschalld.,200-269,22728,
AP19071X,10.092,24.46,Vorschalld.,200-801,22604,
AP19072X,10.093,23.08,Nachschalld.,200-803,22807,
AP19073X,10.095,18.42,Vorderrohr.,989-521,07528,
AP19074X,10.097,4.36,Vorderrohr.,845-099,21171,
AP19075X,10.098,13.23,Kollektorrohr,726-207,06426,
AP19076X,10.099,7.73,Kollektorrohr,713-253,21854,
AP19077X,10.100,13.87,Vorschalld.,284-555,22935,
AP19078X,10.101,16.82,Nachschalld.,200-555,22983,
AP19079X,10.102,13.74,Vorschalld.,278-911,22836,
AP19080X,10.103,15.36,Vorschalld.,279-917 / 279-923,22835,
AP19081X,10.104,20.98,Nachschalld.,280-813,22764,
AP19082X,10.105,14.24,Vorschalld.,-,-,
AP19083X,10.106,17.49,Nachschalld.,-,-,
AP19084X,10.107,6.7,Mittelrohr,-,-,
AP19085X,10.108,13.95,Nachschalld.,-,-,
AP19086X,10.109,7.32,Mittelrohr,-,-,
AP19087X,10.110,14.84,Nachschalld.,-,-,
AP19088X,10.111,21.62,Vorschalld.,200-159,22380,
AP19089X,10.112,18.76,Nachschalld.,200-161,22516,
AP20000X,11.002,18,Nachschalld.,171-389,13174,
AP20001X,11.003,18.72,Nachschalld.,171-515 / 171-517,14087,
AP20002X,11.006,7.88,Mittelrohr,887-389,15677 / 13179 / 13173,
AP20003X,11.007,20.95,Nachschalld.,171-257 / 171-577 / 171-317 / 171-259 / 171-315,22461,
AP20004X,11.008,7.5,Mittelrohr,884-313,17825 / 06245,
AP20005X,11.009,7.38,Mittelrohr,887-393,14623,
AP20006X,11.010,21.06,Vorschalld.,287-399,22462,
AP20007X,11.011,12.35,Vorschalld.,171-387,13171,
AP20008X,11.014,14.88,Vorschalld.,283-853,21120,
AP20009X,11.015,15.84,Nachschalld.,278-339,14075,
AP20010X,11.016,2.51,Endrohr,335-339,09459,
AP20011X,11.017,3.06,Endrohr,387-409,09460,
AP20012X,11.018,10.11,Reparaturrohr,889-187,-,
AP20013X,11.019,12.58,Vorschalld.,284-473,16495,
AP20014X,11.020,17.72,Vorschalld.,283-377,17821,
AP20015X,11.021,17.8,Nachschalld.,171-197,-,
AP20016X,11.022,16.64,Nachschalld.,283-777,21134,
AP20017X,11.024,15.77,Vorschalld.,283-861,21123,
AP20018X,11.026,17.87,Nachschalld.,171-327,22460,
AP20019X,11.027,16.39,Nachschalld.,171-473,15036,
AP20020X,11.028,16.94,Nachschalld.,171-467,15040 / 15772 / 17939,
AP20021X,11.029,15.26,Vorschalld.,283-471 / 283-557,15770 / 15775,
AP20022X,11.030,3.08,Endrohr,386-339,13381,
AP20023X,11.031,21.63,Vorschalld.,288-515,22465,
AP20024X,11.034,22.89,Nachschalld.,278-077,17822,
AP20025X,11.035,15.78,Vorschalld.,283-379,15771,
AP20026X,11.036,18.76,Nachschalld.,278-603 / 279-365,21138 / 21124 / 21135,
AP20027X,11.037,15.58,Nachschalld.,278-619 / 171-255,21113 / 21140,
AP20028X,11.041,14.05,Vorschalld.,284-141,22451,
AP20029X,11.042,17.62,Nachschalld.,171-319,22459,
AP20030X,11.043,15.24,Vorschalld.,285-069,-,
AP20031X,11.044,21.04,Nachschalld.,171-717,16496,
AP20032X,11.045,21.05,Vorschalld.,283-807,21125,
AP20033X,11.046,20.77,Nachschalld.,171-199 / 171-297,22628 / 22967,
AP20034X,11.047,20.7,Vorschalld.,283-883,21128,
AP20035X,11.048,15.53,Vorschalld.,171-357,14615,
AP20036X,11.049,15.31,Vorschalld.,171-403 / 171-453 / 171-569,13181 / 15675,
AP21000X,12.006,21.63,Nachschalld.,247-913,70046,
AP21001X,12.007,19.96,Vorschalld.,283-943,21489 / 21490,
AP21002X,12.011,18.84,Nachschalld.,247-893,09204,
AP21003X,12.016,25.13,Nachschalld.,280-005,19796,92
AP21004X,12.017,18.75,Nachschalld.,287-365,21759,
AP21005X,12.018,26.7,Nachschalld.,285-125,17458,
AP21006X,12.020,27.3,Nachschalld.,283-285,18904,
AP21007X,12.021,28.69,Nachschalld.,285-099,70038,
AP21008X,12.022,21.72,Nachschalld.,287-181,21760,
AP21009X,12.023,34.5,Nachschalld.,285-053,14006 / 14008 / 14576,
AP21010X,12.024,17.18,Nachschalld.,287-195,18914,
AP21011X,12.028,22.3,Nachschalld.,247-115,72301,
AP21012X,12.029,22.91,Nachschalld.,291-061,18919,
AP21013X,12.033,26.67,Nachschalld.,283-277,17511,
AP21014X,12.034,25.75,Nachschalld.,282-243,70049 / 18907,110
AP21015X,12.035,25.42,Nachschalld.,282-217,17497,118
AP22000X,13.001,24.62,Nachschalld.,163-161,22171,
AP22001X,13.002,24.24,Nachschalld.,279-027,18892,
AP22002X,13.003,13.42,Vorschalld.,283-517,18891 / 18894 / 16448,
AP22003X,13.004,20.45,Vorschalld.,293-129,22170,
AP22004X,13.006,18.16,Vorschalld.,287-251,22202,765
AP22005X,13.007,13.12,Nachschalld.,287-617,17839,
AP22006X,13.008,19.29,Nachschalld.,163-725,18756,2413
AP22007X,13.009,13.08,Vorschalld.,292-119,22043,2411
AP22008X,13.010,20.22,Nachschalld.,163-723,17781,
AP22009X,13.011,20.87,Nachschalld.,163-121,17784 / 21290,772
AP22010X,13.012,19.99,Nachschalld.,163-727,18757,
AP22011X,13.013,17.24,Vorschalld.,285-511,22148,
AP22012X,13.015,27.2,Nachschalld.,279-513,18895 / 18897,
AP22013X,13.017,19.23,Nachschalld.,163-203,22201,766
AP22014X,13.019,16.47,Nachschalld.,163-197 / 163-281,22458,
AP22015X,13.020,19.17,Nachschalld.,281-087,22865,
AP22016X,13.021,12.26,Vorschalld.,278-127,22864,
AP22017X,13.022,22.13,Nachschalld.,163-349 / 163-351,22211,
AP22018X,13.023,17.53,Vorschalld.,287-213,22152,767
AP22019X,13.024,13.2,Vorschalld.,287-123,17780,
AP22020X,13.025,12.33,Vorschalld.,292-349,22044,
AP22021X,13.026,16.19,Vorschalld.,292-197 / 285-281,22457,
AP23000X,14.001,5.98,Mittelrohr,886-021,12370,
AP23001X,14.002,14.61,Nachschalld.,145-021,12769,
AP23002X,14.003,6.59,Mittelrohr,886-085,12379,
AP23003X,14.004,14.42,Nachschalld.,145-031,12377,
AP23004X,14.005,18.06,Nachschalld.,145-405,16554,
AP23005X,14.006,17.88,Nachschalld.,145-403,16552,
AP23006X,14.007,20.37,Nachschalld.,145-395,16574,
AP23007X,14.008,10.76,Vorschalld.,281-387 / 281-403 / 281-393,16551 / 18615,
AP23008X,14.010,6.45,Mittelrohr,836-047,14161,
AP23009X,14.011,17.86,Vorschalld.,285-397,16571,
AP23010X,14.012,14.41,Nachschalld.,145-023,12380 / 12371,
AP23011X,14.013,14.36,Nachschalld.,145-333,17944,1118
AP23012X,14.014,15.86,Nachschalld.,283-701,03736,
AP23013X,14.015,19.92,Nachschalld.,145-217,16587,
AP23014X,14.016,25.85,Nachschalld.,145-221,16593,
AP23015X,14.018,18.22,Nachschalld.,145-407,16553,
AP23016X,14.019,5.64,Mittelrohr,481-533,17943,
AP23017X,14.020,9.59,Vorschalld.,279-033,18319,1120
AP23018X,14.021,18.2,Nachschalld.,145-239,16590,
AP23019X,14.022,10.26,Mittlerer Sch.,282-203,15061,
AP23020X,14.023,20.49,Nachschalld.,145-399,16573,
AP23021X,14.024,15.64,Nachschalld.,145-341,21234,
AP23022X,14.025,17.68,Nachschalld.,145-131,22190,
AP23023X,14.026,11.68,Vorschalld.,286-125,22188,
AP23024X,14.028,18.04,Vorschalld.,284-083,22625,
AP23025X,14.030,17.52,Nachschalld.,145-117,22624,2303
AP23026X,14.031,11.9,Vorschalld.,283-341,21230,1116
AP23027X,14.032,16.68,Nachschalld.,145-339,21231,1054
AP23028X,14.033,17.7,Nachschalld.,145-503,22609,2306
AP23029X,14.034,19.38,Vorschalld.,287-503 / 288-099,22606 / 22782,2706
AP23030X,14.039,19.66,Vorschalld.,286-133,22382,
AP23031X,14.040,16.57,Nachschalld.,145-135,21281 / 22278,
AP23032X,14.041,19.85,Nachschalld.,145-521,21282,
AP23033X,14.042,16.47,Kollektorrohr,855-015,17646,
AP23034X,14.043,26.07,Mittlerer Sch.,279-125,-,
AP23035X,14.044,8.82,Endrohr,851-015,-,
AP23036X,14.045,17.01,Vorschalld.,284-553,22625,2304
AP23037X,14.048,16.93,Nachschalld.,145-333,22100,
AP23038X,14.049,16.06,Vorschalld.,284-925,0,
AP23039X,14.050,16.28,Nachschalld.,145-125,0,
AP24000X,15.002,27.24,Nachschalld.,288-215,16934 / 16931,
AP24001X,15.004,1.21,Endrohr,339-215,16931,
AP24002X,15.005,1.46,Endrohr,338-215,16934,
AP24003X,15.009,11.5,Vorderrohr.,768-305,08089,2291
AP24004X,15.012,3.94,Endrohr,351-783,03495,
AP24005X,15.013,21.26,Nachschalld.,283-531,22166,
AP24006X,15.015,17.87,Vorschalld.,284-307,22832 / 22833,2293
AP24007X,15.016,18.35,Nachschalld.,165-287,22826 / 22827,2288
AP24008X,15.017,13.69,Vorderrohr.,768-303,08090,2290
AP25000X,16.002,18.54,Nachschalld.,283-221,14956,
AP25001X,16.006,29.85,Vorsch.+Nachsch.,290-207,15932,
AP25002X,16.007,18.19,Nachschalld.,287-147,13707,
AP25003X,16.008,16.42,Vorschalld.,148-141,70100,
AP25004X,16.009,4.92,Vorderrohr.,839-245,19037,
AP25005X,16.010,22.33,Vorsch.+Nachsch.,282-223,14961,
AP25006X,16.011,28.58,Vorsch.+Nachsch.,282-277,16919,
AP25007X,16.014,14.11,Vorschalld.,148-255,22486,
AP25008X,16.015,19.88,Nachschalld.,290-229,70108,
AP25009X,16.016,3.66,Reparaturrohr,-,-,
AP25010X,16.017,16.81,Vorschalld.,284-357,22592,
AP25011X,16.018,6.81,Vorschalld.,148-337,17751,287
AP25012X,16.019,16.87,Nachschalld.,280-327,17752,288
AP25013X,16.020,25.93,Vorsch.+Nachsch.,287-871,19023,
AP25014X,16.021,7.65,Vorderrohr.,825-219 / 825-325,17757,
AP25015X,16.022,17.95,Nachschalld.,287-145 / 287-149,22090 / 22086,326
AP25016X,16.023,10.94,Vorschalld.,148-033,21040,381
AP25017X,16.024,14.43,Nachschalld.,280-215,21041,385
AP25018X,16.025,30.2,Vorsch.+Nachsch.,286-239,21043,
AP25019X,16.026,29.75,Vorsch.+Nachsch.,287-869,19023,
AP25020X,16.027,10.17,Kollektorrohr,935-007,09571,
AP25021X,16.028,18.65,Nachschalld.,283-263,19113,
AP25022X,16.029,15.26,Kollektorrohr,836-285,08999,
AP25023X,16.030,33.49,Vorsch.+Nachsch.,148-325 + 278-387,70109,
AP25024X,16.031,5.9,Kollektorrohr,883-927,09017,
AP25025X,16.034,12.82,Vorschalld.,279-405,22125,
AP25026X,16.035,4.9,Kollektorrohr,733-465,13499,
AP25027X,16.036,36.2,Vorsch.+Nachsch.,288-265,21045,
AP25028X,16.037,25.55,Nachschalld.,148-223,22541,
AP25029X,16.038,19.55,Nachschalld.,148-347 / 148-345,21497 / 21496,
AP25030X,16.039,11.94,Kollektorrohr,713-251,06844,373
AP25031X,16.040,8.66,Kollektorrohr,788-141,13705,
AP25032X,16.041,29.75,Vorsch.+Nachsch.,287-541,21928 + 21880 + 21929,
AP25033X,16.042,5.12,Vorderrohr.,789-247,16918,
AP25034X,16.043,20.02,Nachschalld.,148-309,21398,390
AP25035X,16.044,26.32,Nachschalld.,279-331,-,
AP25036X,16.045,33.19,Vorsch.+Nachsch.,292-305,22456,
AP25037X,16.046,15.07,Vorschalld.,281-803,-,
AP25038X,16.047,17.18,Nachschalld.,-,-,
AP25039X,16.048,19.31,Nachschalld.,287-149,22086,335
AP25040X,16.050,21.07,Vorschalld.,286-325,21399,
AP25041X,16.058,9.59,Vorderrohr.,952-141,07648,407
AP25042X,16.059,15.66,Nachschalld.,148-193,22693,408
AP25043X,16.060,10.6,Vorderrohr.,956-101,07143,399
AP25044X,16.061,18.07,Nachschalld.,148-341,21484,
AP25045X,16.062,11.47,Vorderrohr.,945-379,06838,
AP25046X,16.063,11.49,Kollektorrohr,753-835,06845,377
AP25047X,16.064,25.37,Vorschalld.,290-305,21499,
AP25048X,16.065,17.32,Nachschalld.,148-339,22511,404
AP25049X,16.066,18.01,Nachschalld.,148-343,22512,
AP25050X,16.067,5.64,Vorderrohr.,975-381,07568,416
AP25051X,16.068,5.19,Reparaturrohr,889-713,08969,
AP25052X,16.069,3.58,Reparaturrohr,-,-,
AP25053X,16.070,7.98,Vorderrohr.,740-383,22555,414
AP25054X,16.072,14.63,Nachschalld.,148-355,22725,410
AP25055X,16.071,11.04,Vorschalld.,286-201,22694,409
AP25056X,16.073,7.81,Vorderrohr.,286-201,22694,
AP25057X,16.074,18.9,Nachschalld.,287-199,22933,405
AP25058X,16.075,9.75,Vorderrohr.,740-003,08970,401
AP25059X,16.076,34.49,Vorschalld.+ Nachsch.,292-117,22838,
AP25060X,16.077,19.17,Kollektorrohr,835-343,07643,
AP25061X,16.078,9.9,Vorderrohr.,-,08971,
AP25062X,16.079,18.83,Nachschalld.,148-195,22748,
AP25063X,16.080,19.29,Nachschalld.,148-045,21379,
AP25064X,16.081,19.26,Nachschalld.,148 /049 / 148-359,21298,
AP26000X,18.001,19.27,Nachschalld.,235-899,12018,
AP26001X,18.002,13.19,Vorschalld.,235-909,06674,
AP26002X,18.003,3.69,Mittelrohr,787-047,06675,
AP26003X,18.004,2.5,Endrohr,376-899,06645,
AP26004X,18.006,26.65,Nachschalld.,235-217,21780,2108
AP26005X,18.008,22.49,Nachschalld.,235-215,22577,2107
AP26006X,18.009,24,Vorsch. + Mittlerer Sch.,282-409,21778,
AP26007X,18.010,23.75,Nachschalld.,235-203,16815,
AP26008X,18.014,21.47,Nachschalld.,235-003 / 235-007,13365 / 14505,
AP26009X,18.015,17.11,Nachschalld.,235-021 / 235-009,14494,
AP26010X,18.016,2.54,Vorderrohr.,284-261,19701,
AP26011X,18.017,2.5,Mittelrohr,733-945,08156,
AP26012X,18.020,10.86,Kollektorrohr,834-941,08191,
AP26013X,18.021,12.66,Kollektorrohr,925-909,08173,
AP26014X,18.022,2.59,Mittelrohr,738-025,13364,
AP26015X,18.023,1.97,Endrohr,386-003,13366,
AP26016X,18.025,0.92,Endrohr,328-203,17465,
AP26017X,18.026,1.18,Endrohr,328-185,21446 / 19707,
AP26018X,18.027,19.33,Nachschalld.,235-931 / 235-935,21442 / 19716,
AP26019X,18.028,2.85,Mittelrohr,283-931,21441,
AP26020X,18.029,1.15,Endrohr,328-181,19703 / 21445,
AP26021X,18.030,15.59,Vorsch.+ Mittlerer Sch.,283-931,21441,
AP26022X,18.031,2.36,Mittelrohr,283-261,19701 / 13389,
AP26023X,18.032,8.58,Vorschalld.,284-261 / 283-087,19701 / 13389,
AP26024X,18.033,4.32,Vorderrohr.,283-087,15188,
AP26025X,18.034,1.85,Endrohr,383-945,08158 / 14512,
AP26026X,18.036,14.05,Vorschalld.,235-017,12773,
AP26027X,18.037,5.72,Endrohr,750-171,09247,
AP27000X,19.001,18.2,Nachschalld.,283-003,13265,
AP27001X,19.002,12.89,Vorschalld.,278-021,70516,
AP27002X,19.003,13.23,Vorschalld.,278-061,15167,
AP27003X,19.004,21.01,Nachschalld.,283-073,70503,
AP27004X,19.005,9.13,Kollektorrohr,786-021,13266,
AP27005X,19.006,16.79,Nachschalld.,279-407,16988,
AP27006X,19.007,16.4,Nachschalld.,281-699,17003 / 70525,
AP27007X,19.008,13.85,Vorschalld.,279-491,21909,
AP27008X,19.009,12.6,Vorschalld.,279-695,70524,
AP27009X,19.010,11.06,Vorschalld.,227-461,70504,1714
AP27010X,19.011,16.1,Nachschalld.,282-465,70510,
AP27011X,19.012,11.49,Vorschalld.,227-463,70508,
AP27012X,19.013,23.53,Nachschalld.,282-463,19633,
AP27013X,19.014,13.98,Nachschalld.,278-461,70505,1723
AP27014X,19.015,23.44,Nachschalld.,281-373,21925,
AP27015X,19.016,25.27,Nachschalld.,282-643,21923,
AP27016X,19.017,14.18,Nachschalld.,279-117,21980,
AP27017X,19.018,22.89,Nachschalld.,278-463,70513,
AP27018X,19.019,21.17,Nachschalld.,278-069,70529,
AP27019X,19.021,13.01,Nachschalld.,278-101,22500,
AP27020X,19.022,21.26,Nachschalld.,282-827,21904,
AP27021X,19.023,14.21,Nachschalld.,282-471,21926,
AP27022X,19.024,22.77,Nachschalld.,278-853 / 278-887,21924 / 22484,
AP27023X,19.025,11.24,Vorschalld.,233-603,22060,1739
AP27024X,19.026,15.18,Nachschalld.,233-607,22059,1740
AP27025X,19.027,19.87,Nachschalld.,283-513,22470,
AP27026X,19.028,10.87,Vorschalld.,227-469 / 227-103,21927,
AP27027X,19.031,21.77,Nachschalld.,281-227,22557,
AP27028X,19.033,19.61,Vorschalld.,288-305,22721,
AP27029X,19.034,10.64,Vorschalld.,227-617,21979,
AP28000X,20.004,23.03,Nachschalld.,280-209,18587,
AP28001X,20.005,22.4,Nachschalld.,228-127 / 228-233,14329 / 16695,
AP28002X,20.006,14.49,Vorschalld.,228-209,18587,
AP28003X,20.009,20.04,Nachschalld.,228-889,13306,
AP28004X,20.010,19.15,Nachschalld.,228-891,15673 / 13307,
AP28005X,20.011,18.65,Vorschalld.,287-909,13321,
AP28006X,20.012,22.79,Nachschalld.,228-897,16793 / 13322 / 16713,
AP28007X,20.013,14.23,Vorschalld.,287-893,13305,
AP28008X,20.015,19.78,Nachschalld.,228-443,18569,
AP28009X,20.016,21.69,Nachschalld.,228-895,13318 / 18578,
AP28010X,20.017,19.08,Nachschalld.,228-427,18570,
AP28011X,20.018,16.45,Nachschalld.,287-165,18572,
AP28012X,20.019,22.67,Nachschalld.,282-085 / 282-083 / 282-087,21871 / 21901 / 21902,
AP28013X,20.022,15.33,Vorschalld.,228-625,21871,
AP28014X,20.023,22,Nachschalld.,280-909,22159,
AP28015X,20.025,22.21,Nachschalld.,288-329,22023,
AP28016X,20.027,17.76,Vorschalld.,279-181,22749,2338
AP28017X,20.028,13.81,Vorschalld.,228-217,22158,
AP28018X,20.029,15.89,Nachschalld.,228-043,22151,
AP28019X,20.030,16.64,Nachschalld.,228-041 / 228-471,22167,1847
AP28020X,20.031,22.02,Nachschalld.,286-319,22024,
AP28021X,20.032,8.96,Vorschalld.,228-253,22017,
AP28022X,20.033,14.41,Kollektorrohr,823-321,02980,
AP28023X,20.034,11.53,Vorderrohr,952-157,09931 / 09946,2589
AP28024X,20.035,16.47,Nachschalld.,135-721,23092,2534
AP28025X,20.038,14.49,Vorschalld.,279-177,22711,
AP29000X,21.001,15.25,Nachschalld.,220-649,15175,
AP29001X,21.002,16.7,Vorschalld.,282-651,15174,
AP29002X,21.003,15.84,Nachschalld.,278-751,18152,
AP29003X,21.004,11.26,Vorschalld.,220-107,71333,
AP29004X,21.006,17.31,Vorschalld.,282-755,21486,
AP29005X,21.007,16.65,Nachschalld.,220-651,15175,
AP29006X,21.008,16.35,Nachschalld.,281-097,21340,
AP29007X,21.009,11.27,Vorschalld.,105-109,21575,1955
AP29008X,21.010,21.07,Nachschalld.,281-535 = 281-227,21793,
AP29009X,21.011,14.43,Vorschalld.,281-371,21341,
AP29010X,21.012,15.73,Nachschalld.,220-653,21342,
AP29011X,21.013,10.27,Vorschalld.,220-663,21874,
AP29012X,21.014,18.54,Nachschalld.,281-533,21875,
AP29013X,21.015,12.2,Vorschalld.,220-039,71337 / 71340,
AP29014X,21.016,17.39,Nachschalld.,278-039 / 278-063 / 279-757,71100 / 71340,
AP29015X,21.017,16.38,Vorschalld.,282-763,22525,
AP29016X,21.018,12.89,Vorschalld.,281-681,21863,
AP29017X,21.022,18.07,Nachschalld.,278-231 / 278-083,71102 / 71103,
AP29018X,21.023,17.39,Nachschalld.,278-063 / 279-757,71340,
AP29019X,21.024,17.84,Nachschalld.,278-107 / 233-333,72539 / 71332,
AP29020X,21.025,17.58,Nachschalld.,278-083,71103,
AP29021X,21.026,22.4,Nachschalld.,281-531,23940,
AP29022X,21.027,23.77,Nachschalld.,282-985,22977,
AP29023X,21.028,18.17,Nachschalld.,278-033 / 278-531,23208 / 23324,
AP29024X,21.029,16.78,Nachschalld.,233-635,71342,1790
AP29025X,21.030,11.68,Vorschalld.,233-633,71341,1789
AP29026X,21.031,17.38,Nachschalld.,278-233,-,
AP29027X,21.032,16.94,Vorderrohr.,823-635,07100,
AP29028X,21.033,5.81,Vorderrohr,801-181,07004,
AP30000X,22.001,15.51,Vorschalld.,292-685,13035,
AP30001X,22.002,14.88,Nachschalld.,142-725,13036,
AP30002X,22.004,18.34,Nachschalld.,142-699,15721,
AP30003X,22.005,12.05,Mittelrohr,890-697,15720,
AP30004X,22.006,27.75,Vorsch. + Mittlerer Sch.,292-235,22547,
AP30005X,22.007,6.6,Endrohr,351-217,07571,2829
AP30006X,22.008,29.25,Vorsch. + Mittlerer Sch.,292-217,22860+22861,2828
AP30007X,22.009,28.68,Vorsch. + Mittlerer Sch.,293-159,08237+22848,
AP30008X,22.010,6.09,Endrohr,751-383,08140,
AP31000X,23.002,4.12,Vorderrohr.,736-761,14273,
AP31001X,23.003,4.21,Vorderrohr.,731-721,12217,
AP31002X,23.004,10.95,Nachschalld.,279-765,12406,
AP31003X,23.005,17.5,Mittlerer Sch.,215-761,08445,
AP31004X,23.006,17.92,Nachschalld.,215-805,15152,
AP31005X,23.007,23.6,Mittlerer Sch.,285-811,15156,
AP31006X,23.008,4.2,Vorderrohr.,-,16632,
AP31007X,23.009,11.05,Kollektorrohr,-,19625,
AP31008X,23.010,10.71,Kollektorrohr,-,19626,
AP31009X,23.011,13.16,Kollektorrohr,-,15747,
AP31010X,23.012,17.66,Nachschalld.,215-801,15154,
AP31011X,23.016,19.51,Nachschalld.,215-829,18853 / 22146 / 22988,2495
AP32000X,24.003,18.32,Nachschalld.,-,21114,
AP32001X,24.004,9.51,Mittlerer Sch.,-,21108,
AP32002X,24.005,11.35,Vorschalld.,-,-,
AP32003X,24.011,15.93,Nachschalld.,141-003,21119,
AP32004X,24.012,16.56,Nachschalld.,141-005,21101,
AP32005X,24.013,15.42,Vorschalld.,282-793,21100,
AP32006X,24.014,16.22,Nachschalld.,141-001,21104,
AP32007X,24.015,15.63,Vorschalld.,283-797,21103,
AP32008X,24.016,17.04,Nachschalld.,283-493,21106,
AP32009X,24.017,16.57,Nachschalld.,-,21508,
AP32010X,24.018,18.3,Nachschalld.,-,21115,
AP32011X,24.020,20.83,Nachschalld.,278-875,22012,
AP32012X,24.021,3.63,Kollektorrohr,-,21507,
AP32013X,24.022,5.82,Vorderrohr.,-,21113,
AP32014X,24.023,20.49,Nachschalld.,141-195,22013,
AP32015X,24.025,18.55,Vorschalld.,282-999,22011,
AP32016X,24.026,17.41,Nachschalld.,141-199,22177,
AP32017X,24.027,19.22,Nachschalld.,141-143,22178,
AP32018X,24.028,17.54,Nachschalld.,141-197,22177,
AP32019X,24.029,17.32,Vorschalld.,283-529,22063,
AP32020X,24.030,19.06,Nachschalld.,141-143,22178,
AP32021X,24.031,20.44,Vorschalld.,284-131,03147,
AP32022X,24.032,24.91,Nachschalld.,141-137,22084,
AP32023X,24.034,18.6,Nachschalld.,141-139,22176,
AP32024X,24.035,19.88,Nachschalld.,141-193,22179,
AP32025X,24.036,10.51,Vorschalld.,281-945,22071,244
AP32026X,24.037,19.06,Vorschalld.,283-143,22062,
AP32027X,24.038,9.32,Kollektorrohr,823-941,21500,
AP32028X,24.039,19.37,Kollektorrohr,823-935,21501,
AP32029X,24.040,14.42,Kollektorrohr,823-869,02967 / 02968,
AP32030X,24.041,14.33,Kollektorrohr,853-081,21502,
AP32031X,24.042,18.24,Kollektorrohr,823-869,02967 / 02968,
AP32032X,24.043,10.4,Vorschalld.,281-485,21503,
AP32033X,24.044,4.53,Mittelrohr,-,21111,
AP32034X,24.045,4.66,Mittelrohr,-,21511,
AP32035X,24.046,7.12,Mittelrohr,-,21510,
AP32036X,24.047,5.68,Mittelrohr,-,21509,
AP32037X,24.048,18.75,Vorschalld.,283-333,21296,
AP32038X,24.049,22.3,Nachschalld.,141-213,21412,
AP32039X,24.050,14.32,Kollektorrohr,825-173,03146,
AP32040X,24.051,15.4,Kollektorrohr,823-871,03125,
AP32041X,24.052,44.53,Kollektorrohr,099-257,20700,
AP32042X,24.053,22.6,Nachschalld.,-,-,
AP32043X,24.054,10.44,Vorschalld.,-,21105,
AP32044X,24.055,24.97,Nachschalld.,-,-,
AP32045X,24.056,7,Kollektorrohr,-,-,
AP32046X,24.057,6.35,Endrohr,-,-,
AP32047X,24.058,6.9,Kollektorrohr,-,-,
AP32048X,24.059,6.19,Endrohr,-,-,
AP32049X,24.060,14.49,Kollektorrohr,823-263,-,
AP32050X,24.061,22.54,Nachschalld.,-,21413,
AP32051X,24.062,14.49,Kollektorrohr,823-865,03124,
AP32052X,24.063,19.55,Vorschalld.,-,21295,
AP32053X,24.064,22.23,Nachschalld.,-,-,
AP32054X,24.065,19.79,Nachschalld.,281-385,22718,253
AP32055X,24.066,12.2,Vorschalld.,141-385,22717,252
AP32056X,24.068,21.82,Nachschalld.,-,21411,
AP32057X,24.080,19.8,Nachschalld.,141-007,22072,245
AP33000X,25.001,22.33,Nachschalld.,283-057,13287,
AP33001X,25.002,19.51,Vorschalld.,281-059,13286,
AP33002X,25.003,18.14,Nachschalld.,219-093,16670,1808
AP33003X,25.004,12.02,Vorschalld.,285-111,16675 / 16669,1800
AP33004X,25.005,9.49,Vorschalld.,287-101,16666 / 16672,1798
AP33005X,25.006,33.58,Mittlerer Sch.+Nachschalld.,286-059,21457,
AP33006X,25.007,9.69,Vorschalld.,288-091,16673 / 16667,1807
AP33007X,25.008,17.16,Nachschalld.,219-135,21894,
AP33008X,25.010,10.18,Vorschalld.,283-705,21894,
AP33009X,25.012,18.32,Nachschalld.,288-091 / 287-101,16666 / 16672 / 16673 / 16667,1806
AP34000X,26.002,23.4,Nachschalld.,177-743,22570 / 21363,
AP34001X,26.003,24.42,Nachschalld.,177-113,14147,
AP34002X,26.004,23.15,Nachschalld.,177-681,17891,
AP34003X,26.005,12.46,Vorderrohr.,940-681,17890,
AP34004X,26.006,19.04,Vorschalld.,285-271,22745,
AP34005X,26.007,17.65,Vorschalld.,282-743 / 282-741,21360 / 21362 /  21781,1013
AP34006X,26.008,23.44,Nachschalld.,177-157,19801,
AP34007X,26.009,21.07,Vorschalld.,283-111,15689,
AP34008X,26.010,25.4,Nachschalld.,177-105,22741,
AP34009X,26.011,18.17,Vorschalld.,283-153,22737,
AP34010X,26.012,24.53,Vorsch. + Mittlerer Sch.,285-303,21437,
AP34011X,26.013,26.37,Nachschalld.,177-243,21438,
AP34012X,26.014,17.73,Vorschalldämpfer,285-273,21365,
AP34013X,26.015,22.13,Nachschalldaempfer,177-275,17888,
AP35000X,27.001,19.46,Nachschalld.,287-183,-,
AP35001X,27.006,26.04,Vorschalld.+ Nachsch.,286-145 / 286-147,22453,
AP35002X,27.007,24.76,Vorschalld.+ Nachsch.,286-143,22508,
AP36000X,28.001,13.42,Nachschalld.,171-469,15750,
AP36001X,28.002,13.73,Vorschalld.,284-009,15749,
AP36002X,28.003,16.1,Nachschalld.,169-015,22411,
AP36003X,28.004,11.4,Kollektorrohr,-,-,
AP36004X,28.005,12.27,Kollektorrohr,-,-,
AP36005X,28.006,22.37,Nachschalld.,-,-,
AP36006X,28.007,23.18,Nachschalld.,-,-,
AP36007X,28.008,6.03,Endrohr,-,-,
AP36008X,28.009,6.01,Endrohr,-,-,
AP36009X,28.010,16.54,Vorschalld.,291-127,22412,
AP36010X,28.011,19.12,Vorschalld.,286-061 / 286-103,23155,
AP36011X,28.012,19.85,Nachschalld.,169-025 / 169-103,23156,
AP36012X,28.013,16.29,Vorschalld.,-,-,
AP36013X,28.014,25.47,Nachschalld.,-,-,
AP36014X,28.015,26.12,Nachschalld.,-,-,
AP36015X,28.016,8.88,Reperaturrohr,-,-,
AP36016X,28.017,27.04,Nachschalld.,-,-,
AP36017X,28.018,27.88,Nachschalld.,-,-,
AP37000X,29.003,20.6,Nachschalld.,100-171,21396,2544
AP37001X,29.005,20.87,Nachschalld.,100-327,22119 / 22120,1133
AP37002X,29.006,6.53,Endrohr,813-309,03118,
AP37003X,29.007,14.49,Vorschalld.,284-109,-,
AP37004X,29.009,20.99,Nachschalld.,100-325 / 100-329,22121 / 22122,
AP37005X,29.010,43.87,Vorsch.+Nachsch.,292-121,21843+21845,
AP37006X,29.011,22.82,Nachschalld.,100-169,21397,2545
AP38000X,30.001,23.59,Nachschalld.,115-311,21251 / 22363,
AP38001X,30.002,14.27,Vorschalld.,281-215,21250,
AP38002X,30.009,19.51,Vorschalld.,287-431,21912,2262
AP38003X,30.010,21.46,Nachschalld.,211-393,21913,2261
AP38004X,30.011,18.83,Vorschalld.,286-071,22660,2522
AP38005X,30.012,13.9,Vorderrohr.,913-351,21914,
AP38006X,30.013,22.25,Nachschalld.,211-395,21915,
AP38007X,30.014,22.25,Nachschalld.,211-403,22664,
AP38008X,30.015,15.86,Vorschalld.,289-965,22341,
AP38009X,30.016,21.17,Nachschalld.,278-963,22342,
AP38010X,30.017,25.35,Vorschalld.+ Mittelschalld.,289-967,22344,
AP38011X,30.018,22.75,Nachschalld.,278-967,22345,
AP38012X,30.019,29.64,Nachschalld.,290-967,22343,
AP39000X,31.001,17.87,Nachschalld.,141-219,22818,
AP39001X,31.002,12.22,Vorschalld.,284-337,22819,
AP39002X,31.003,22.74,Nachschalld.,141-217,22818,
AP39003X,31.004,18.06,Kollektorrohr,801-217,08148,
